,addr,n,span_days,real,direction,timing,p,p_perm,passes
pre,0x051c2e6d49cf82ebc47f08f9b85800f94fc9693c,67,56.1,-245.11108430250187,0.7699823174434098,-245.88106661994527,0.8327371469454173,0.9050949050949051,False
pre,0x05b5a0ae689c17cad8155932782a5c29426abe75,75,58.7,-1.4962226197996622,47.877211149550995,-49.37343376935065,0.7663829439534589,0.7732267732267732,False
pre,0x08138243c8b2c5bb825763a7b065280a57af79e5,185,58.8,20.907168017023146,27.35592161278738,-6.4487535957642335,0.5382283546915384,0.5254745254745254,False
pre,0x08c14b32c8a48894e4b933090ebcc9ce33b21135,46,45.2,172.91419174692493,34.20768411754041,138.7065076293845,0.14368121952839652,0.15784215784215785,False
pre,0x09714a3282fca963a8da97c72a4226bdcec3814d,60,59.3,-78.9625452466174,30.594571204779772,-109.55711645139716,0.7738508486398887,0.7932067932067932,False
pre,0x0ad9e656d9e6211d0ea1c5462342e1fc94cc4cbf,66,33.0,166.98443752114926,71.07984655025531,95.90459097089395,0.13880623862535957,0.13871374527112232,False
pre,0x0c1f6941fdcde9488dfd36ca16fed6b3bc49672b,311,58.9,65.31959073225154,13.57151127522051,51.74807945703103,0.1593413737625507,0.15584415584415584,False
pre,0x0c4a3a7ac74d43732f9b5ea507f01ab72a381b19,109,59.3,-29.454124222492933,-1.241268340381646,-28.21285588211129,0.6234487711865823,0.6453546453546454,False
pre,0x0e1cdcd958d002d98528c973f1397b7784abce6d,156,49.0,67.4737343109488,62.17428384223944,5.299450468709364,0.4636567781096061,0.3546453546453546,False
pre,0x0f859756ab0f1655ca61b32d21f6cf9ec2b998dc,48,55.0,9.236581962111515,28.16257203893736,-18.925990076825848,0.5791222431207723,0.5964035964035964,False
pre,0x118ce6448339baaf86841fee7ba674e01b2856d5,285,10.9,94.87282592179814,21.585463100514257,73.28736282128388,0.11551805649253244,0.07279693486590039,False
pre,0x12f7aea21eed5461d30212ea771c4441656b8750,104,59.7,31.00172113289625,23.119670482904382,7.882050649991868,0.4402019846679269,0.43756243756243757,False
pre,0x1338a67b37aeaf796357d78501a0c3695c51c48e,97,25.2,269.2534774239158,188.01400310972068,81.23947431419514,0.2745933341734384,0.26158940397350994,False
pre,0x15b989222088b5a00d1283e8c2bbbe9cc7bd4b30,94,44.7,157.73797914667105,83.01810459127023,74.71987455540082,0.17882253459593256,0.16483516483516483,False
pre,0x19f5c3bc2e0978d9a1da389d7d4cfe33cd770fe9,84,53.2,216.92325828130197,1.8594505255630833,215.06380775573888,0.0025098061381705825,0.002997002997002997,True
pre,0x1c814c8068ddd68bcc79bd9d28a1698ba099072d,270,59.4,153.10121709344077,31.05341127993815,122.04780581350263,0.011215697149510666,0.001998001998001998,False
pre,0x1f1690074a8744e8d38cdca1ab2b75fafe5d6d07,98,56.8,46.31495971983191,46.34558877445542,-0.030629054623507873,0.500206722661545,0.47052947052947053,False
pre,0x2057d4f2b6ea957b63371980775b0a5505a438f0,31,18.7,-172.9586884658169,-109.65809181718289,-63.30059664863399,0.6832468529752777,0.7098214285714286,False
pre,0x2137c0f5db95fae5b1f29af50fa1a343e9ccee83,31,29.1,145.74250928853175,-20.749586549983814,166.49209583851555,0.057151358845812184,0.08022922636103152,False
pre,0x2171b50becc88d34254c7def78e8e08f9d82887b,58,44.0,92.375970747773,25.829193961188928,66.54677678658406,0.12821753742130138,0.13386613386613386,False
pre,0x25ddff2f25a73b8dc3711871f09525ebdc6253db,92,32.5,-0.6925047645206155,-18.517610484645544,17.82510572012493,0.3276541414593249,0.3423076923076923,False
pre,0x2669f508f456efae73c86d99d373f885c7b32b39,41,24.1,-73.3664078581768,30.227901133668798,-103.5943089918456,0.9309691055242884,0.9688581314878892,False
pre,0x266b5569ed3017e74dd48059c6db804e016eefcb,158,56.8,68.38415091743116,23.11799309796953,45.26615781946162,0.2795055822401549,0.26373626373626374,False
pre,0x29de2668d0c8a5879ebb2f6afbec1c6f485a3e93,35,9.5,61.075636499717845,33.25538458431288,27.820251915404967,0.39834971548963766,0.40969162995594716,False
pre,0x2ab3da753851e34ad23a4f155d1196ec8d09c9d4,92,53.8,-7.611452766626535,-4.369222155589963,-3.2422306110365717,0.5303353426317226,0.5274725274725275,False
pre,0x2aee33ab6a330d1307c0c77088c528ed2cdddd07,56,21.0,-39.331563711129114,-7.5312750997422055,-31.800288611386907,0.871999828292976,0.8752475247524752,False
pre,0x2f58adc8b81f51b02acf65eff40d9f5bbb88bc9e,194,59.4,-14.232225316772988,10.953012221566855,-25.185237538339845,0.7080323722266126,0.7082917082917083,False
pre,0x2fe21fc5130e953b862d4a6048cfd016ecf3974d,73,57.9,19.665216981521244,23.335853420762874,-3.6706364392416306,0.5295209333587857,0.5174825174825175,False
pre,0x2fef2bd40f8dc6e0986a462c1117054faa965071,511,59.0,30.435199949123696,62.333169082247316,-31.89796913312362,0.7060525742861538,0.6643356643356644,False
pre,0x308ac0b8de9699b754e72a568f143d8856993336,352,24.3,28.541626722459707,59.92251311649428,-31.380886394034576,0.6835722413145624,0.7427101200686106,False
pre,0x308fd47d492cf32d0f504c2a3e82bc25583b455b,78,58.0,275.7997273326879,93.20418180534699,182.59554552734087,0.02181031641217687,0.04695304695304695,False
pre,0x325edd95bb016c36027ce3b9f7595af7094a9564,170,59.9,-124.91869312813527,-51.755157415486,-73.16353571264928,0.6933258879280264,0.8351648351648352,False
pre,0x364a45829e8ce2940d8cff911076d8dec40b2e73,61,57.1,-16.275162703032745,1.2218659916905252,-17.49702869472327,0.5600480327919456,0.5904095904095904,False
pre,0x3a23b10845e911b6944d9dc2f1f480fca3af35d6,105,52.7,14.803189492408015,21.94067464594593,-7.137485153537915,0.5529949599474239,0.5364635364635365,False
pre,0x3a7f29e8d0e3f8131670c3849ae37860512b62df,53,56.2,4.48254407145614,52.14845378891208,-47.66590971745593,0.6515333698879101,0.6253746253746254,False
pre,0x3c66b4d46004afaf5a8a1ab7399c1f5aff89eab6,45,28.1,70.39122153932996,65.7982837675137,4.592937771816267,0.4753802426206431,0.43471810089020774,False
pre,0x4044570e13b5184f7eb2709de25a4eb766a4794c,179,51.7,69.342694225882,50.6824084693376,18.660285756544404,0.3399573643441019,0.3226773226773227,False
pre,0x427070e33d630b0476bedba5d53db224913eb946,111,23.5,217.31737319551345,68.8648475940322,148.45252560148126,0.12027743378648886,0.10265486725663717,False
pre,0x456f1049c0f2ec990091bbd3f30af62aca3fcdf1,316,59.1,187.47468771429703,129.34876809862106,58.12591961567597,0.2394065900856095,0.22277722277722278,False
pre,0x482b0f4dad512fe086e121882a81e34c374acae4,84,58.8,-75.15640301233718,-0.052863725439694434,-75.10353928689749,0.8452736427969254,0.8871128871128872,False
pre,0x4860d039cbc7cffb0267f86e63f4b4442b71505e,117,59.0,85.06960023345096,30.537799577531807,54.531800655919156,0.1646389220206168,0.17282717282717283,False
pre,0x48ec0004494081e8332589faf0747d568da79faf,314,59.5,8.169437632801923,10.208183734652561,-2.038746101850638,0.5316568600621803,0.4925074925074925,False
pre,0x4a33475623e47320049e883f08b810bd338f9709,136,52.6,-47.682098658815214,-3.0685113696465702,-44.61358728916865,0.6275369354429716,0.5904095904095904,False
pre,0x4a84f5a6e336b4f90c417c981d88c04fbeefa262,82,9.8,40.12855946759781,-0.8262380251058823,40.95479749270369,0.12044070821605835,0.08936170212765958,False
pre,0x4cae5bed586f6e73ae54ebd40a4ac4ed2c477c34,803,59.8,53.042618858898166,75.53954226277261,-22.49692340387444,0.7570688694047136,0.7542457542457542,False
pre,0x54dbc1fbf6b1cd59807db61109b1d9eb91fd1a04,219,59.5,-10.0779025866928,37.493388792837436,-47.57129137953024,0.7644794666503107,0.7422577422577422,False
pre,0x563bf0731cf71ad7cea05b9c48a802d8c53e7dc4,141,13.0,62.361098610009975,50.653785276555766,11.707313333454202,0.4476534030360877,0.4281150159744409,False
pre,0x57f2819c959abbcf22623d5ec1d3164b213e9711,63,58.9,147.92302574865843,72.42529605468249,75.49772969397593,0.25863347877073484,0.22477522477522477,False
pre,0x585f4fbe2d2a889c286fa71fb81d01f30773f4b1,327,59.3,73.01109122969818,54.98237290960731,18.028718320090878,0.38110433520651077,0.3256743256743257,False
pre,0x5b5f798b94f54d33ba316c8b1c837e930c90c052,49,42.1,227.33562407734567,56.96777311417007,170.3678509631756,0.012891050153413441,0.03296703296703297,False
pre,0x5b676c5b03f38557e6f21257732608d019cec66a,90,52.2,92.35277465508298,41.13721672037284,51.21555793471015,0.29577266521392165,0.27972027972027974,False
pre,0x5cbdb794b3b36df58a7ce6c1a552f117f061103b,545,39.2,-2.043514194365077,-0.6552952364045984,-1.3882189579604787,0.510680083027031,0.4554140127388535,False
pre,0x5d2f4460ac3514ada79f5d9838916e508ab39bb7,36,45.6,-24.592505835465932,2.264112617504096,-26.85661845297003,0.7211937273289227,0.7332667332667333,False
pre,0x5f94a51948d2376ad34a6fadfa2544e651b74b96,47,50.1,24.66090392878722,-5.38736946695173,30.04827339573895,0.37692369192324154,0.4065934065934066,False
pre,0x610b8dd6b392d010c2b6ad8d121dfc09524cb613,92,59.2,-86.79597316651493,4.532953686771109,-91.32892685328603,0.8896405512786206,0.939060939060939,False
pre,0x61b35e240c404399b8197468aeaecac51d4f86fe,46,26.2,440.3867748172941,146.72033027339754,293.6664445438966,0.07052683224898512,0.09523809523809523,False
pre,0x622fc18a3f1a616a331b96e4c17f1b457feb5c6f,421,59.7,33.448499673054236,67.58990026113995,-34.141400588085716,0.7255377875460125,0.6933066933066933,False
pre,0x634fe24f2f7396f5d967ec3936df04f49a3e6951,68,54.6,244.98448658910064,65.15523798317285,179.82924860592777,0.04059224223003311,0.06993006993006994,False
pre,0x63d417a577b50c96f4f09148d4e4d70950db0522,264,55.3,-3.718958014024966,19.381889904765277,-23.100847918790247,0.608280666191375,0.6753246753246753,False
pre,0x64702807a1f0f9888ea22b858099d7f481227b55,357,58.6,46.620661350759484,11.447523650401255,35.173137700358225,0.27114283595588917,0.29270729270729273,False
pre,0x654016a8c9fcf0c4cb7ed6078aba21f7f399f7b7,604,59.8,65.66853190424541,44.01256295439695,21.655968949848464,0.2810627119630503,0.24975024975024976,False
pre,0x668cec05549105e5b05bcc779a43186735d7ea2e,66,11.1,15.343222004451222,29.923930036474065,-14.580708032022843,0.5456742410796108,0.631578947368421,False
pre,0x69906b0ed626ca01a4b7c001e5711e5714ccf207,451,59.3,4.4224429291225995,6.13783384904657,-1.71539091992397,0.5228850253204342,0.5994005994005994,False
pre,0x6d092dd825d74303114eae27988bc5ce029b957d,67,48.1,99.22890390712317,49.85697114832938,49.37193275879379,0.26253339560528965,0.22777222777222778,False
pre,0x71b117d68974aa4c5615669ae70e8e13ce7479c8,164,50.4,-159.10614095807935,-7.886503715323499,-151.21963724275585,0.8170696261604564,0.8781218781218781,False
pre,0x721546769b86db633fcbd5e3a08a0e6343042e3c,35,11.2,-57.58363563010554,123.12614960002445,-180.70978523013,0.7754843940714116,0.8215613382899628,False
pre,0x736850ee773ac6170fcaeda596514269b863ee56,161,57.0,148.15164717578457,-2.9411313393955507,151.09277851518013,0.03476965465092561,0.01898101898101898,False
pre,0x739c52c1009e970ab30ea1f28401df41e18fcfb2,45,53.9,136.4952772739881,17.311821389593902,119.18345588439419,0.0028515085132677508,0.015984015984015984,True
pre,0x7451d7dc1570f2be4aa3eca8d482dff117570ab7,66,58.4,103.10560934128493,58.358470352673244,44.74713898861169,0.29573911508229145,0.2857142857142857,False
pre,0x7491180d3e43719bd8a53cdfbef27a1527a1d90f,81,56.5,-44.53010596244301,6.130723984384231,-50.660829946827235,0.7712552402821957,0.7802197802197802,False
pre,0x757df2c060ec6c7ba898fa6570aa98c1f46294ba,73,58.5,127.09233621063191,86.56956337213714,40.52277283849477,0.3530408446969253,0.3106893106893107,False
pre,0x75d2ba3da5a598ea48d499bc172fb6b4713229a3,172,57.6,150.46929196795782,75.05569807940282,75.413593888555,0.15100382372487053,0.11488511488511488,False
pre,0x75ec3ba266176e733f1b1fdaa15052f5eff724b8,151,52.5,130.31378054636446,50.4367889016941,79.87699164467037,0.15544211453256107,0.11788211788211789,False
pre,0x767a1e1f1796b9c8def2f1e8ed08a7596e930ace,32,48.9,25.643892895914068,45.71832517344012,-20.074432277526054,0.6283095019591691,0.5494505494505495,False
pre,0x770493a14c49ea81192b5191a536f0530041311b,988,58.4,17.021248854431082,-33.779101184731495,50.80035003916258,0.27719096877753824,0.21978021978021978,False
pre,0x77375a8c9d13bf79afb2a87f1b0ac1dfd5f5bf66,76,46.5,-114.28587307158968,-26.640197122601588,-87.64567594898809,0.8283553996086156,0.8611388611388612,False
pre,0x77ee3604adbdefa66a817b3cf776412a6613a018,165,57.4,-265.4284510733645,-45.43277859553211,-219.9956724778324,0.9837380997603958,0.9560439560439561,False
pre,0x7894bb4cd20e08c2ec1895968dd0b3d97edca5f7,55,53.0,-32.45136497034135,44.88883192820264,-77.340196898544,0.840525149208734,0.8591408591408591,False
pre,0x7b51c5d9366077e1b3c1cba383389752f486071b,177,59.3,-3.724865517244356,1.4957622677862694,-5.220627785030626,0.5231909534884054,0.5494505494505495,False
pre,0x7c4b71c1d8a11ed426f301c372a72e06f528e00b,66,46.4,22.803120572010954,43.255352251104284,-20.452231679093334,0.5987729327464333,0.5304695304695305,False
pre,0x7e1ad5e2bbe30d6d202e7c41036ea0a07c560be9,74,13.6,119.3582494144155,42.1170317678981,77.24121764651738,0.19027520420639327,0.1620795107033639,False
pre,0x7f75db96ccc27922b50d6e102938814a67fa9edf,297,59.4,111.39465943968605,64.50350663061909,46.89115280906698,0.2673115381795078,0.24375624375624375,False
pre,0x8463d6ffcbfb56bf20ab2e1111f9a0e8359533f2,182,59.1,-69.38882356014646,-26.059719974360842,-43.32910358578563,0.7753546046946014,0.7842157842157842,False
pre,0x8607a7d180de23645db594d90621d837749408d5,86,58.0,-241.56461482998188,-31.15170863580071,-210.41290619418118,0.9808420418039906,0.9600399600399601,False
pre,0x866d4903b256ce7e7caac46a91e83128bb0fd6e1,34,55.2,483.38114946698664,49.23685990184423,434.1442895651424,0.0021344216897344974,0.011988011988011988,True
pre,0x880ac484a1743862989a441d6d867238c7aa311c,90,16.3,-61.57301025116574,-94.13748975475087,32.56447950358513,0.37248843386146735,0.39641943734015345,False
pre,0x885327357a8d005c9dfb670583899df6e21f8249,211,55.2,27.224522584694228,-12.231182210421865,39.45570479511609,0.25218024993542254,0.23076923076923078,False
pre,0x888e000c78b8f1aada5b3c99f880794907b76d77,136,58.8,269.4861251478682,-38.17378235856426,307.65990750643243,0.08790801512340052,0.014985014985014986,False
pre,0x8923cdff38a43d1fd59d323c35b900047e431bac,110,58.5,160.04202096441603,41.86621737685794,118.1758035875581,0.12803781004479065,0.13586413586413587,False
pre,0x8ab13dbc3d2ab5ea4c4b37f40696254a730015ef,484,59.3,4.243971457631721,38.402374815410845,-34.15840335777912,0.6818589646969728,0.6843156843156843,False
pre,0x8af700ba841f30e0a3fcb0ee4c4a9d223e1efa05,58,50.5,217.34215505223455,-14.953340600801965,232.2954956530365,0.011674781681491123,0.002997002997002997,False
pre,0x8b61a50f7091abbc7ab292d3a24b9eeb4a29c0c2,165,58.2,57.02894963114531,43.15723884956543,13.871710781579875,0.3512678977792776,0.3146853146853147,False
pre,0x8d134fe41651db874e73cc019a0f572294b0d55d,203,57.5,29.140098260140327,73.18933433619624,-44.04923607605591,0.7810279220309637,0.7712287712287712,False
pre,0x8ecec0c9367490d2044aaff4030ad0becc33218b,82,54.5,-74.77814181902295,70.93561207012026,-145.71375388914322,0.7544887031883223,0.7312687312687313,False
pre,0x8f8d2d2565bfb10608a7ce64b48e2aea7875a344,52,58.0,2.456999955337589,-7.088632906540835,9.545632861878424,0.42014354253050734,0.41058941058941056,False
pre,0x91867345424fb158888ff9c5f1b1b2e7cd7d65d5,84,50.0,-243.97143846624644,42.76870120568533,-286.7401396719318,0.8382613296349348,0.8421578421578422,False
pre,0x920fa68300c8aa95c4563e0daf79a0b0e51f0cfe,120,46.6,19.03945815492852,7.688238551475224,11.3512196034533,0.4354687536937618,0.39760239760239763,False
pre,0x926a8a1bc7fa22e2fdd4459c443158aa38adaf36,88,56.6,107.85558232734182,48.453530616192126,59.40205171114969,0.12819331296414105,0.13786213786213786,False
pre,0x92ae4209e3a5760903aff0c423312392eb3f86a8,90,55.0,147.92972323551595,-0.29096667296986456,148.2206899084858,0.016479707170631974,0.02097902097902098,False
pre,0x94b60c2a5db13689bb06a73657ac1216424de5b3,128,51.4,196.57832602283386,24.983218285066222,171.59510773776765,0.018812801470940835,0.04495504495504495,False
pre,0x9757fe365ef60247665e9e312deb6cc8fa04d75c,64,48.1,105.3465693043632,50.57173023004475,54.77483907431845,0.2510927366181147,0.2097902097902098,False
pre,0x98785f2a43fe32f972476b86ed5a5cfaf5240f00,32,58.1,-172.47275820233617,-23.65308433451589,-148.81967386782028,0.9231951550559315,0.9200799200799201,False
pre,0x98e073b579fd483eac8f10d5bd0b32c8c3bbd7e0,576,59.6,72.78024086460158,42.91952571191075,29.860715152690833,0.31803951234020045,0.2977022977022977,False
pre,0x98e8118481aa01872142a7c447dbccd0528df831,35,52.4,154.97708494291226,14.504881012761219,140.47220393015107,0.22524517377776732,0.2007992007992008,False
pre,0x991e044d97b946fe549e92ac9bfa5119592a0e54,70,56.0,32.226577420927136,55.60705460083071,-23.380477179903572,0.5961378188349613,0.5894105894105894,False
pre,0x99967871e6c4f9a5185abc57edede9e9540191f6,34,52.9,52.87998838882557,-67.03395219801202,119.91394058683758,0.22511959315061641,0.23776223776223776,False
pre,0x9a80d88c21be60e870d07d852390e92d09223cf2,94,54.1,129.43290445005053,8.453405947849994,120.97949850220053,0.15291660516251226,0.15084915084915085,False
pre,0x9a991732cd4cf14712b07fbeb8c5d87de90dd21a,81,49.8,145.3221391778415,5.7069076735965085,139.615231504245,0.0016972769698175376,0.02197802197802198,True
pre,0x9b864dde6ed1c21608b1665a0ac0faa4f7e36e6e,90,54.3,172.90725663217762,72.12727817107285,100.77997846110479,0.1438133080382114,0.12287712287712288,False
pre,0x9bd2ee53f6c6aa778209b8673f6c7df754830c88,80,15.0,137.96507767066737,280.41556346749024,-142.45048579682287,0.8653964373561744,0.8642659279778393,False
pre,0x9c2694984f6831bc81a04cd917a67b03629cb666,557,35.0,-104.1938178351093,-6.356361581910824,-97.83745625319848,0.9994239930671938,0.9845053635280095,False
pre,0x9e2cbb5d800181c1ef21b25010dc4ea80eeb5508,117,41.9,47.73013232320708,24.158933544126786,23.571198779080298,0.38706265837830023,0.3956043956043956,False
pre,0xa2710511e1dac83973de2b394f669183a175a3f7,49,37.2,61.13428011409669,-14.877435893794607,76.0117160078913,0.17109653963739846,0.1612541993281075,False
pre,0xa2ecada0b45ad16625865843c9fc5e7c985a2e42,39,56.6,-488.1281060041623,38.9016871215284,-527.0297931256907,0.9689519941499378,0.9630369630369631,False
pre,0xa516541e599129095d14f7faf8b11ae670c837b0,72,52.4,147.41194430716928,67.50813282258382,79.90381148458545,0.24799564966395016,0.2867132867132867,False
pre,0xa5fd942d4badbab4fe84a9e10f565dd40d5f15ff,243,59.1,124.63349192466579,14.487534090292327,110.14595783437346,0.07488339686955581,0.04095904095904096,False
pre,0xa906355beaf1d69a5fe73ce55899c49c6e67916c,39,45.4,207.64802791034677,167.52074435941083,40.127283550935935,0.4445002490205116,0.4325674325674326,False
pre,0xa99c9e5484e5b26635c07876d0859a1819ff40d5,91,57.2,145.66858005088247,15.889003122449724,129.77957692843273,0.017654549887530936,0.01998001998001998,False
pre,0xaa53412d2249fe47c5d2790ab5728b3c564dd265,78,36.8,229.20905371560974,57.23860578929085,171.97044792631888,0.01994481236151419,0.031710079275198186,False
pre,0xaa8253fb249498d0b6c31106539aaea0c76b9556,38,59.2,109.45757083252516,112.30543328984378,-2.847862457318606,0.5103700896108463,0.4695304695304695,False
pre,0xab7fb756330e3983e676f44c03dabda9120aa273,283,50.1,65.04813494871316,12.969945155901483,52.07818979281168,0.2133012436356156,0.17282717282717283,False
pre,0xaeaab54bbf65bfd6efed7d2eb68372298e3c2416,164,42.1,-28.013713894287605,12.976378288167467,-40.99009218245507,0.7583938809652119,0.7942057942057942,False
pre,0xb0088e7991b62ef58483e5f524ed9d482e5bac8b,78,58.6,21.667863400049434,16.871005140612578,4.796858259436855,0.48731107022242415,0.5464535464535465,False
pre,0xb37f083bad343a76361cd8f39afe7ecd6a0a66ca,70,55.1,-40.4435755050613,7.511095935723968,-47.95467144078526,0.7451332321310677,0.7412587412587412,False
pre,0xb40da15b8cc492fff87d9b1e06bb45769d7e75d9,262,59.3,-27.70618574680351,31.9549528350278,-59.66113858183131,0.8586455171181596,0.8851148851148851,False
pre,0xb48e45c76e7442d9944790085399e26b7d89b1ed,543,58.9,10.586661445291414,28.832722210269434,-18.24606076497802,0.6642695389839086,0.6483516483516484,False
pre,0xb4a3349619ff3da514b42bd7a124947aaf2b9210,47,46.0,-59.119297678887214,13.812931238558077,-72.93222891744529,0.8451249330762081,0.8581418581418582,False
pre,0xb5a6924d1da4e54705079b9957f6dedee5e62f82,93,59.1,-54.93249771744733,-15.073939053521377,-39.858558663925955,0.6668972694150962,0.6663336663336663,False
pre,0xb69eec8fea0081343c3b09e652ba1fa7dcf7033a,69,50.1,112.6578086527696,36.540836808549685,76.11697184421992,0.16797821077930525,0.13386613386613386,False
pre,0xb7e0b9fbc9479330d70bcc82a7d4325a20e8d1aa,43,20.3,-42.25271152619892,32.174094443414,-74.42680596961293,0.7497668880580179,0.7438524590163934,False
pre,0xbb34960afec64f3f1cc78b0c9c342c4657021696,146,58.6,60.023107811375326,68.9519062925577,-8.928798481182364,0.5808768086932571,0.6103896103896104,False
pre,0xbbf7fbc7fa97a88c83c1b8a825692f84ef9d4b13,74,58.4,63.18035250537902,-9.698132351629704,72.87848485700873,0.30067645341359117,0.2897102897102897,False
pre,0xbbfb6566ad064c233af6314aeb1eee4c26a5f921,515,58.1,-20.205894501986126,6.72955704646559,-26.935451548451717,0.7607415308331273,0.7732267732267732,False
pre,0xbd6b53ebcbe2998556d652471cc2bb607f90046f,51,59.3,62.573616411712734,87.49272145102131,-24.919105039308572,0.6312490846271126,0.6053946053946054,False
pre,0xbe10fd36393c8b677281d0bc2cf1bb8c98ad4b34,97,49.7,-28.09290801762443,25.108468188055653,-53.201376205680084,0.6920101987584174,0.6703296703296703,False
pre,0xc298efc4785f2f282838924103509156c9578a9c,48,31.1,176.97840987796772,206.2973290785761,-29.31891920060839,0.5725318315459152,0.5287817938420348,False
pre,0xc3b1951ceffdcaf25640cb37ce1d6cf125579a03,120,58.5,174.1662006239172,21.635140216318103,152.5310604075991,0.008716465306056386,0.01898101898101898,False
pre,0xc56891f98eecb32926abb8d627f57c99e6536ecd,57,53.8,82.64216133529595,65.76906593423342,16.87309540106253,0.43476663914024233,0.4205794205794206,False
pre,0xc619b01f1a4f894c5e83338c42f98dcb82b710f5,144,58.6,61.163304499865326,69.89469193132726,-8.731387431461929,0.5767068968936785,0.5974025974025974,False
pre,0xc6758a779bccee1ef0190dbe8292fdf44076795d,53,57.6,89.97525867189289,10.019585095854941,79.95567357603794,0.0570460341899317,0.07792207792207792,False
pre,0xc69ae428f6049e78d445f053d2c1df879c59b34c,114,56.9,265.018199688478,31.42340035858219,233.59479932989578,0.0004586168743665504,0.002997002997002997,True
pre,0xcb58b8f5ec6d47985f0728465c25a08ef9ad2c7b,39,49.2,38.9257905004053,41.15748353274024,-2.231693032334939,0.5115931315310326,0.4355644355644356,False
pre,0xcf67e4da9e9cd38c0afd26338d0fbddb3036eb24,133,58.3,124.27967569958662,25.25969108827651,99.01998461131011,0.1532079163783201,0.11288711288711288,False
pre,0xd13552538def5cecc78a20aa2236573f0bee6443,31,56.4,105.07812651589826,113.33220798714709,-8.254081471248831,0.5214521677593353,0.5064935064935064,False
pre,0xd142479997958a4fefd1f8d5373b31ce36987d73,56,39.7,395.30905637123783,81.38043446355364,313.9286219076842,0.02892306787495033,0.0819327731092437,False
pre,0xd21d931890d27b6e7e2e668f27931e17698e90f1,61,59.8,150.5208286319455,59.7893614110964,90.7314672208491,0.194734677093354,0.21078921078921078,False
pre,0xd260b2216b735277da6771564a01c04856e78321,62,56.5,-77.80141195195299,17.45464380039528,-95.25605575234827,0.8171898098383468,0.8411588411588412,False
pre,0xd67ca2c6f8bc84acf4fa4472b82a8740dc0a53ff,149,59.0,-38.9044238708986,23.211846908842674,-62.11627077974127,0.8919058738830831,0.9000999000999002,False
pre,0xd74916aecd93ca55deb392dfad4c3ae43951ea49,86,56.5,98.34702287531938,26.12859164446883,72.21843123085054,0.1133296387390515,0.13086913086913088,False
pre,0xdafc555a97b358bc09fccf4c0e583c1ec5838b16,45,10.2,-720.7869789739535,-273.6735450991473,-447.11343387480616,0.921687765841587,0.860655737704918,False
pre,0xdd0c5de50d72e5eaa96816e920e41ce89c4b8888,243,33.2,80.35271818285729,96.4802656984172,-16.127547515559904,0.5925755789550526,0.5389447236180904,False
pre,0xdd7a372377fc633f74ab6e20963803d52f448830,100,57.6,131.72624614325946,66.59611899266335,65.13012715059611,0.16927882487744011,0.1838161838161838,False
pre,0xde5a8068836a16f92813104d7faf602bb0cbdf62,30,53.6,270.40211874898324,45.196755477288285,225.20536327169498,0.021308544633405944,0.04195804195804196,False
pre,0xdf4b79c5cebf5be025f9a0658a38a5440689c147,69,58.8,15.810024644928882,14.489252498504335,1.320772146424546,0.49286019403640474,0.5054945054945055,False
pre,0xe02e420ec55b4e03924d77c7b342c012541ba2d3,301,59.0,-33.62835686004035,6.489371234406042,-40.11772809444639,0.681012656476386,0.7452547452547452,False
pre,0xe09726ff25f5001f37b15049f54116cb83d7d0fe,113,49.2,127.6252993046423,73.54741373333667,54.07788557130563,0.26723729084171277,0.2817182817182817,False
pre,0xe0ffc829349c88c159462942ad885f12130e7610,42,58.0,39.290102419678554,-47.523164414827136,86.8132668345057,0.2783916656455113,0.24375624375624375,False
pre,0xe4d1fa7e6141f9131345117bdb8b5701bca67662,87,57.7,-112.69353269717442,-11.99170577196127,-100.70182692521315,0.9553095704245749,0.9310689310689311,False
pre,0xe7795fce474d1eafd645a29e799a64f85dc26ba7,33,15.7,576.7509183692164,-64.34953749295299,641.1004558621694,0.008624516542332195,0.002652519893899204,False
pre,0xe83b5e3644b50e802a25b34b38b91a061a0d3ca8,54,58.8,42.86983577603491,65.86038064821027,-22.990544872175356,0.5758759424014986,0.5564435564435565,False
pre,0xe867fbdad3291530e41530301ecb77693850c78e,40,48.3,84.18071915685063,4.626277856632588,79.55444130021804,0.20726537277450058,0.15084915084915085,False
pre,0xea0f7492ac4c6949cb22b5d65250e701084a4e73,46,58.6,-28.29572013076972,19.68511413697918,-47.9808342677489,0.7489672235585657,0.7652347652347652,False
pre,0xeb0f432beecf10dcc828fc1e36a3386caf634637,83,54.4,386.24148527351633,80.41719169497398,305.8242935785423,0.01908666002521888,0.04795204795204795,False
pre,0xf124c3bd6544caebbf68824eab8c009b3f448196,95,52.1,99.82400515727777,49.06614855201878,50.757856605258986,0.2344768580885736,0.22477522477522477,False
pre,0xf220c9b7b4c0e5e785ebe4b40b17576ce24473e0,44,51.2,259.497587333691,12.211714654761789,247.28587267892922,0.004730784276913463,0.027972027972027972,False
pre,0xf29c6bc1147a841519b382459a6d7a373c6b9971,118,55.0,59.389844848388044,8.045237194385747,51.344607654002296,0.29653022139583524,0.2677322677322677,False
pre,0xf382f419448b471da26225c4f849bb240be5578c,202,59.2,-3.665886789308433,-13.177983595211137,9.512096805902702,0.3836272918338237,0.4025974025974026,False
pre,0xf482d8aba834789f5c7fabb0b48a1168c1466d43,63,58.5,367.2955314823246,20.18407693672556,347.11145454559903,3.33972290002869e-05,0.003996003996003996,True
pre,0xf5079c84c34051d7c4cd87494fda534fe7ecdf6d,184,58.3,8.169160985793484,7.495859031641772,0.6733019541517123,0.49454647282415304,0.5094905094905094,False
pre,0xf53cab0c6f25f48f985d1e2c40e03fc7c1963364,50,37.2,41.762368267450164,65.98377776102552,-24.22140949357537,0.5921592095718595,0.58006718924972,False
pre,0xf5b7e374c1c02c711448d5c900952a336a8521ba,92,43.2,159.57780673750264,126.08057288035306,33.49723385714959,0.33666248962442813,0.36663336663336665,False
pre,0xf770f371cc66499a89ae56aa84f9506e083f99ea,441,59.7,5.104042541349808,27.30496954032604,-22.200926998976232,0.6336597625510396,0.6933066933066933,False
pre,0xf9faba57a81d1575d3e506dd3eafe7db6f2a3275,345,51.5,-74.32667642093125,13.831606642885554,-88.1582830638168,0.957451711167842,0.965034965034965,False
pre,0xfb941d2344b72ea9101400392b818173772d0ddf,47,47.0,-87.31308418399173,-22.269586912604638,-65.0434972713871,0.7732655007679814,0.7712287712287712,False
pre,0xfd6a531508649697c6e133adcb82efcd0c737737,32,57.9,38.99645900032389,4.717832625145342,34.27862637517855,0.3554962122067425,0.3676323676323676,False
pre,0xfe7e0a8b33061f13fa1f72774b164667c3b911b4,99,59.0,-147.1009954021666,16.374711007585685,-163.4757064097523,0.7866509166824253,0.8141858141858141,False
pre,0xfeb63b9e4a871b644816d94a1d19517a87ce5fa0,478,59.2,-3.8448439441195372,8.114328200613572,-11.95917214473311,0.5475930615158333,0.6443556443556444,False
pre,0xffe4e3986d18333402564ea64f3a83fcc1907b52,33,35.9,48.669730447311096,94.6536209941712,-45.9838905468601,0.6189251050513729,0.5962877030162413,False
in,0x020ca66c30bec2c4fe3861a94e4db4a498a35872,416,11.0,83.17545511656641,105.56400050347573,-22.388545386909307,0.7696673604602455,0.7622641509433963,False
in,0x03ef8f736498047c3349bb2c18311d1bb4a79054,101,20.0,254.6770394677184,-53.40902857792473,308.0860680456431,0.0481069335565239,0.054279749478079335,False
in,0x05b5a0ae689c17cad8155932782a5c29426abe75,82,27.9,10.727015662913793,23.452539001390633,-12.72552333847684,0.6342008763048705,0.6343283582089553,False
in,0x0748e296e5a350ec36c8487a1cea406e1b57d4b2,32,27.5,54.71642706678187,-8.736125431691942,63.45255249847381,0.3320179629688699,0.3292867981790592,False
in,0x08138243c8b2c5bb825763a7b065280a57af79e5,143,24.8,153.81276182161187,106.23761291121963,47.575148910392244,0.2846225970773252,0.26677852348993286,False
in,0x0871deb34bfd2052b1c10dc4f6c0912a2a47e927,67,8.5,-119.05829677798822,10.145051562106747,-129.20334834009498,0.8957019593828754,0.9655172413793104,False
in,0x091159a8106b077c13e89bc09701117e8b5f129a,82,15.1,326.6843071350691,1.3732502512438742,325.31105688382524,0.021674168167534272,0.04696132596685083,False
in,0x09714a3282fca963a8da97c72a4226bdcec3814d,33,30.2,112.05885022811259,64.37420933890085,47.68464088921173,0.38652795254550576,0.3812154696132597,False
in,0x0ad9e656d9e6211d0ea1c5462342e1fc94cc4cbf,31,27.1,-74.50217264661455,-10.606761531653033,-63.89541111496152,0.75613198172497,0.8076923076923077,False
in,0x0c0ed9bc814b9b5089cb70dd75de844718e78a4d,106,24.0,221.28786400336108,17.77450464381296,203.5133593595481,0.043141311471460164,0.03993055555555555,False
in,0x0c1f6941fdcde9488dfd36ca16fed6b3bc49672b,179,29.7,106.94614929819261,25.9961422005342,80.95000709765841,0.09854728041641792,0.0729312762973352,False
in,0x0c4a3a7ac74d43732f9b5ea507f01ab72a381b19,72,29.4,67.96661577382716,13.14510926375095,54.82150651007621,0.08105144459994545,0.07659574468085106,False
in,0x0f859756ab0f1655ca61b32d21f6cf9ec2b998dc,33,27.1,-123.22839857618251,-32.49083673569363,-90.7375618404889,0.8137277154931796,0.8107692307692308,False
in,0x118ce6448339baaf86841fee7ba674e01b2856d5,276,28.5,-1.4770291993052966,2.4933006611570963,-3.970329860462393,0.5229783035068356,0.5622254758418741,False
in,0x12d20c01962ded876994daa3f5dd144ef432f97f,57,11.1,-188.76514055406474,-8.798186413116975,-179.9669541409478,0.9220457214142954,0.9022556390977443,False
in,0x12f7aea21eed5461d30212ea771c4441656b8750,106,28.0,80.64381763469427,30.492334220210804,50.151483414483465,0.20366013927370147,0.19345238095238096,False
in,0x1367df28c0681431b8a8f3d887576a1cad85560e,129,24.9,55.20120088610397,48.45695825385641,6.744242632247552,0.48019532569017304,0.47491638795986624,False
in,0x15b989222088b5a00d1283e8c2bbbe9cc7bd4b30,43,24.8,-144.34854086529506,59.401996777096734,-203.7505376423918,0.8000535602685381,0.8134453781512605,False
in,0x19f5c3bc2e0978d9a1da389d7d4cfe33cd770fe9,36,18.9,77.99184656600565,-20.2187888208112,98.21063538681685,0.3129203506882155,0.32599118942731276,False
in,0x1a94785cc11b1b4225374a8e0015f788b222a538,61,13.9,61.10394180269271,33.71012285408194,27.39381894861077,0.4194080038441808,0.3963963963963964,False
in,0x1aaad0c1f100300ce67d3c0a65448561550a1b05,50,27.4,215.74255260746185,170.89367626014408,44.84887634731778,0.35285875232412367,0.3363774733637747,False
in,0x1c814c8068ddd68bcc79bd9d28a1698ba099072d,60,24.3,49.32717752074071,88.55356969974609,-39.22639217900538,0.6053085495052162,0.6415094339622641,False
in,0x1f1690074a8744e8d38cdca1ab2b75fafe5d6d07,32,23.0,294.40238103522694,86.29902600113864,208.10335503408828,0.10282677724343003,0.13562386980108498,False
in,0x2137c0f5db95fae5b1f29af50fa1a343e9ccee83,76,28.9,77.43517819336944,-7.557592653833985,84.99277084720343,0.20101708927631978,0.20605187319884727,False
in,0x2171b50becc88d34254c7def78e8e08f9d82887b,109,27.2,68.59052933388759,34.015822491351955,34.574706842535626,0.2568775037910461,0.3016845329249617,False
in,0x266b5569ed3017e74dd48059c6db804e016eefcb,31,23.2,263.54957646420354,31.847352529065972,231.70222393513757,0.07073498380670003,0.05913978494623656,False
in,0x29de2668d0c8a5879ebb2f6afbec1c6f485a3e93,79,19.6,-94.26938787899071,77.413436827829,-171.68282470681973,0.9656129405665768,0.9680851063829787,False
in,0x2ab3da753851e34ad23a4f155d1196ec8d09c9d4,51,26.2,-9.711396952875791,16.727960639156592,-26.439357592032383,0.6336596727577646,0.6238095238095238,False
in,0x2ae2519036ba86b7d08a70cb30a3a34a6c3a78ae,104,23.5,-25.319646860210206,84.54686537687323,-109.86651223708344,0.7332137327609612,0.6973451327433628,False
in,0x2f58adc8b81f51b02acf65eff40d9f5bbb88bc9e,191,29.5,26.536570292520217,1.649959067089234,24.886611225430983,0.3083737299047363,0.2951977401129944,False
in,0x2fe21fc5130e953b862d4a6048cfd016ecf3974d,64,21.2,-122.57839119176074,52.562988166424425,-175.1413793581852,0.9264852087807801,0.9392156862745098,False
in,0x2fef2bd40f8dc6e0986a462c1117054faa965071,338,30.0,43.636270951552,52.43791022946739,-8.801639277915395,0.5587991775951668,0.6147426981919333,False
in,0x308ac0b8de9699b754e72a568f143d8856993336,578,29.1,59.22858493706275,39.980326343818774,19.24825859324398,0.3700137392092706,0.39914163090128757,False
in,0x308fd47d492cf32d0f504c2a3e82bc25583b455b,47,27.8,-46.04809413465975,83.26290879089068,-129.3110029255504,0.8772537264424145,0.8785607196401799,False
in,0x325edd95bb016c36027ce3b9f7595af7094a9564,208,30.0,154.07416325284288,-1.2453489462187524,155.31951219906162,0.04118525179319932,0.01808066759388039,False
in,0x349bd094209d50280dfaca12779576c748395c15,169,8.7,197.89690381435824,-0.5802729399460432,198.47717675430428,0.03388893187801278,0.009569377990430622,False
in,0x350e33a777d510616fbdb483d1de3b50d1edfcfb,128,17.6,78.55838209302492,26.99352031308891,51.56486177993601,0.23158767976719685,0.23696682464454977,False
in,0x364a45829e8ce2940d8cff911076d8dec40b2e73,46,17.1,-0.2551940865236599,-1.8603664502494026,1.605172363725743,0.48780806029231133,0.5170731707317073,False
in,0x39c3492e9171872eac6a99d9c0b6dbae5d4ae959,43,25.1,-73.90207300507213,1.5467203245011998,-75.44879332957332,0.7472490980735075,0.7313432835820896,False
in,0x3a23b10845e911b6944d9dc2f1f480fca3af35d6,60,29.1,26.02551161643313,31.044321346922967,-5.018809730489839,0.5207266923821308,0.4792560801144492,False
in,0x3a7f29e8d0e3f8131670c3849ae37860512b62df,65,29.2,134.94329184345304,25.94741459211389,108.99587725133915,0.07204589998521034,0.06562054208273894,False
in,0x4044570e13b5184f7eb2709de25a4eb766a4794c,95,29.5,-293.81101359534233,-114.13410660292762,-179.67690699241473,0.840146412377709,0.8769448373408769,False
in,0x413c2724b62975c18b1415650f998a8f0a67886c,91,23.8,-94.1968649341467,37.83007563176174,-132.02694056590843,0.8843405721924789,0.8444055944055944,False
in,0x427070e33d630b0476bedba5d53db224913eb946,127,28.2,199.25419034206845,22.71810709727964,176.5360832447888,0.01450224093916749,0.0073964497041420114,False
in,0x456f1049c0f2ec990091bbd3f30af62aca3fcdf1,286,30.1,93.2924669127188,99.69348158439894,-6.401014671680149,0.5430597938693207,0.481994459833795,False
in,0x46926d8fad4a36047a73ed7be1cec963c77fef87,93,17.8,297.4811302928211,93.94224038823597,203.53888990458512,0.2095849778822509,0.2746478873239437,False
in,0x469e9a7f624b04c24f0e64edf8d8a277e6bf58a5,61,23.7,195.6092085861685,7.040173052263558,188.56903553390495,0.025923952142718688,0.029876977152899824,False
in,0x482b0f4dad512fe086e121882a81e34c374acae4,77,18.9,-39.678483693651415,4.581498161788445,-44.25998185543986,0.6532252972176705,0.5837004405286343,False
in,0x4860d039cbc7cffb0267f86e63f4b4442b71505e,82,28.3,200.58860973921418,10.049880219119796,190.53872952009436,0.007731738314946237,0.022091310751104567,False
in,0x48ec0004494081e8332589faf0747d568da79faf,330,29.5,138.53388282206768,80.30812060199807,58.225762220069626,0.1218325752767338,0.13295615275813297,False
in,0x4a84f5a6e336b4f90c417c981d88c04fbeefa262,114,29.8,-26.589089450374495,-3.5618020173637146,-23.027287433010784,0.7233306356475357,0.7478991596638656,False
in,0x4c6d679eac539bf7c5a0b7ebd8949ae93b1e5ee9,54,24.8,24.564249603137178,-26.366212075615024,50.9304616787522,0.22549314698036027,0.2516778523489933,False
in,0x4cae5bed586f6e73ae54ebd40a4ac4ed2c477c34,62,29.1,60.665258128361025,118.35824932533427,-57.692991196973246,0.6524978797522174,0.5974212034383954,False
in,0x4da577b56741299e2c3fcdfa3ffa41a771b80abe,39,21.0,29.437025944063045,19.68218314111185,9.754842802951195,0.4565934588827329,0.4583333333333333,False
in,0x50b98497785b1768b8c029c198e68b7924c75e2b,90,27.3,-166.91025139399412,20.700067108317633,-187.61031850231174,0.956622469845059,0.9526717557251908,False
in,0x519c721de735f7c9e6146d167852e60d60496a47,46,21.6,40.02898835008271,-5.377181271967815,45.40616962205053,0.3282430210044178,0.36486486486486486,False
in,0x538d89d131b56c7736be4e2eeedc3c51463980de,417,29.2,-19.925244878902898,95.51324689301667,-115.43849177191957,0.7696129092925819,0.7293447293447294,False
in,0x54dbc1fbf6b1cd59807db61109b1d9eb91fd1a04,178,29.2,53.647536391314276,17.181645131353513,36.46589125996076,0.2693095704785041,0.2995720399429387,False
in,0x563bf0731cf71ad7cea05b9c48a802d8c53e7dc4,137,16.2,19.512363982550475,47.6722021799711,-28.159838197420626,0.6184597674530062,0.583547557840617,False
in,0x5740affc8faf8913f9f2d5fbb9bdc6e8119ea9da,47,28.4,170.46865057107428,75.40993731303385,95.05871325804043,0.1911276494696757,0.16740088105726872,False
in,0x57f2819c959abbcf22623d5ec1d3164b213e9711,60,29.4,34.97047596795246,10.26424011659407,24.70623585135839,0.4314030551629787,0.3909348441926346,False
in,0x585f4fbe2d2a889c286fa71fb81d01f30773f4b1,215,30.0,82.07532828963244,40.00689823399883,42.068430055633605,0.09800459356860397,0.08321775312066575,False
in,0x58b27998b4ff896949d5f57466b259e50ee211f3,136,15.6,70.8233251042425,-15.05093273956088,85.87425784380338,0.10639579804202237,0.12,False
in,0x5b5f798b94f54d33ba316c8b1c837e930c90c052,40,28.9,242.4936351542415,76.28022242596803,166.21341272827348,0.07039057541603394,0.07936507936507936,False
in,0x5b676c5b03f38557e6f21257732608d019cec66a,71,29.0,-41.04069577551563,4.764263735958776,-45.80495951147441,0.6961977606343195,0.7136690647482015,False
in,0x5cbdb794b3b36df58a7ce6c1a552f117f061103b,46,27.3,411.1220753189701,149.529901448791,261.59217387017907,0.08323684013898308,0.08689024390243902,False
in,0x5cee0ca5f78503820d857371bc018dceab01a723,47,21.9,281.0431061378026,76.26109555188981,204.7820105859128,0.06537617684236866,0.028517110266159697,False
in,0x5d0bde4017530ed43370e332a5d30194941f73c6,53,29.8,-46.967040321792595,54.52685295755754,-101.49389327935015,0.8078231290159362,0.8445378151260504,False
in,0x5d908c88be270889c0953e7dff1c8e1d699ceea3,107,30.1,137.23077318057813,13.053009339611435,124.17776384096668,0.09403788722821277,0.08033240997229917,False
in,0x622fc18a3f1a616a331b96e4c17f1b457feb5c6f,221,27.4,64.38642855477246,19.671976099960336,44.714452454812125,0.3165599681209878,0.3135464231354642,False
in,0x634fe24f2f7396f5d967ec3936df04f49a3e6951,32,25.2,-114.70467066194034,32.63539074229811,-147.34006140423844,0.8983332972809402,0.8960396039603961,False
in,0x63d417a577b50c96f4f09148d4e4d70950db0522,208,27.4,-62.69532611299943,10.811530316235446,-73.50685642923487,0.713530915356593,0.8206686930091185,False
in,0x64702807a1f0f9888ea22b858099d7f481227b55,212,28.2,-21.68568238575773,-15.005047888057277,-6.680634497700452,0.5606397572885117,0.643491124260355,False
in,0x64b766b07362405a9cc19c2226490f3015929da9,100,14.8,-32.1379522821227,103.5133133872588,-135.6512656693815,0.9072437580881412,0.901685393258427,False
in,0x64bddab5f13a99576fca6747f0aa205422c5f708,32,18.6,186.99056508282453,31.672679695675388,155.31788538714915,0.15686162245428165,0.13228699551569506,False
in,0x654016a8c9fcf0c4cb7ed6078aba21f7f399f7b7,541,29.9,146.14693143909508,110.24981427942645,35.897117159668646,0.1907308966171134,0.19246861924686193,False
in,0x668cec05549105e5b05bcc779a43186735d7ea2e,113,24.2,42.99339759560399,-22.888640002504324,65.88203759810831,0.2733620008934632,0.32646048109965636,False
in,0x69906b0ed626ca01a4b7c001e5711e5714ccf207,165,28.5,27.73606291711437,-0.14118061524711512,27.877243532361486,0.3021414984792915,0.3182481751824818,False
in,0x708f713637e28c014705fec1bab002992f53d4ea,506,20.0,-28.717790574822484,-24.300275501204244,-4.417515073618238,0.5476633733511049,0.5280665280665281,False
in,0x71b117d68974aa4c5615669ae70e8e13ce7479c8,63,26.4,207.91972888310096,21.21517746459279,186.70455141850815,0.16983787202128886,0.18325434439178515,False
in,0x736850ee773ac6170fcaeda596514269b863ee56,42,25.2,147.39662798416506,-7.944530826056046,155.34115881022112,0.08336322901042781,0.013245033112582781,False
in,0x739c52c1009e970ab30ea1f28401df41e18fcfb2,33,27.1,37.59173831751351,16.166312529024932,21.425425788488575,0.407207134474567,0.39384615384615385,False
in,0x7451d7dc1570f2be4aa3eca8d482dff117570ab7,36,23.2,202.5153461410662,104.03305914463232,98.48228699643388,0.2958623904950643,0.25448028673835127,False
in,0x7491180d3e43719bd8a53cdfbef27a1527a1d90f,107,29.8,11.965540006635754,56.22073297144502,-44.25519296480926,0.6869782647620813,0.6512605042016807,False
in,0x757df2c060ec6c7ba898fa6570aa98c1f46294ba,137,27.3,108.62338166642927,80.46556510833538,28.157816558093874,0.33924401893198725,0.3450381679389313,False
in,0x75d2ba3da5a598ea48d499bc172fb6b4713229a3,77,26.8,201.8116528236618,37.96345567677668,163.84819714688513,0.06991084952656194,0.1088646967340591,False
in,0x75ec3ba266176e733f1b1fdaa15052f5eff724b8,36,25.9,216.97077545904472,76.11386538953592,140.8569100695088,0.15016179806687474,0.16908212560386474,False
in,0x770493a14c49ea81192b5191a536f0530041311b,189,27.5,242.828402524633,28.110277897938296,214.71812462669473,0.007993333732146614,0.02276176024279211,False
in,0x77ee3604adbdefa66a817b3cf776412a6613a018,67,17.2,194.93886775813039,-30.48868758800421,225.4275553461346,0.0512794948828969,0.043478260869565216,False
in,0x7894bb4cd20e08c2ec1895968dd0b3d97edca5f7,35,29.4,-51.90881102157777,99.84334994131599,-151.75216096289375,0.8587130693744938,0.8569405099150141,False
in,0x7b51c5d9366077e1b3c1cba383389752f486071b,127,28.4,172.1879242483774,53.41817847300974,118.76974577536767,0.08223196249996523,0.1130690161527166,False
in,0x7e1ad5e2bbe30d6d202e7c41036ea0a07c560be9,66,26.8,18.10908271667379,22.623063903879117,-4.513981187205327,0.51708772474776,0.5046583850931677,False
in,0x7f75db96ccc27922b50d6e102938814a67fa9edf,497,30.0,202.32544260847365,75.05924850896108,127.26619409951259,0.03643341889051953,0.04160887656033287,False
in,0x8463d6ffcbfb56bf20ab2e1111f9a0e8359533f2,108,29.6,47.17616841325879,-1.6401763726088583,48.816344785867656,0.2897657826287491,0.2647887323943662,False
in,0x84abc08c0ea62e687c370154de1f38ea462f4d37,75,18.5,21.570500017294354,-16.96192497849352,38.53242499578787,0.19030909706635235,0.16891891891891891,False
in,0x856c35038594767646266bc7fd68dc26480e910d,165,27.5,50.9344807524755,-6.107690644121892,57.04217139659739,0.37054479124734696,0.36363636363636365,False
in,0x880ac484a1743862989a441d6d867238c7aa311c,154,27.5,24.35002517988128,-30.21191378304664,54.56193896292792,0.2708147237109676,0.2708018154311649,False
in,0x885327357a8d005c9dfb670583899df6e21f8249,111,24.2,88.61983744118223,-3.6230577194484113,92.24289516063064,0.01541604088175015,0.01721170395869191,False
in,0x888e000c78b8f1aada5b3c99f880794907b76d77,74,26.4,54.24075766521805,-129.0566209719365,183.29737863715457,0.32356007005618975,0.2812006319115324,False
in,0x8923cdff38a43d1fd59d323c35b900047e431bac,122,29.6,155.3197797477157,64.43590484124589,90.88387490646983,0.13834663431008032,0.08028169014084507,False
in,0x8ab13dbc3d2ab5ea4c4b37f40696254a730015ef,201,29.6,116.69849237372217,75.63574903266881,41.06274334105336,0.3509304540307826,0.24929577464788732,False
in,0x8ae4c5b303bc77c3aa68f2b71f37c9fa6d3b3d60,31,23.1,-80.33147177719881,89.98035108505532,-170.31182286225413,0.789934955457523,0.8321299638989169,False
in,0x8af700ba841f30e0a3fcb0ee4c4a9d223e1efa05,34,19.4,-75.10008011878253,-68.1184282667593,-6.981651852023237,0.5106914308647144,0.6279569892473118,False
in,0x8b61a50f7091abbc7ab292d3a24b9eeb4a29c0c2,64,25.8,-18.021969180228755,46.48842549615942,-64.51039467638817,0.8425599498476368,0.8126009693053312,False
in,0x8d134fe41651db874e73cc019a0f572294b0d55d,168,29.7,185.8481267559795,143.20532131210032,42.64280544387919,0.31784510208484135,0.3436185133239832,False
in,0x91867345424fb158888ff9c5f1b1b2e7cd7d65d5,35,20.2,192.77754812382602,166.28518793224785,26.492360191578168,0.45068280806765937,0.3243801652892562,False
in,0x91f564e80ed5e98eb22fde0857e1a87047f2df13,119,25.9,232.41037204805554,60.8964471041237,171.51392494393184,0.03855738807808815,0.06430868167202572,False
in,0x920fa68300c8aa95c4563e0daf79a0b0e51f0cfe,124,29.6,141.82087993186133,24.778424320386033,117.04245561147528,0.027849861113016988,0.015471167369901548,False
in,0x926a8a1bc7fa22e2fdd4459c443158aa38adaf36,60,29.8,75.66747867635804,65.305379592374,10.362099083984049,0.44000202142652456,0.46853146853146854,False
in,0x94b60c2a5db13689bb06a73657ac1216424de5b3,122,28.5,-40.006606711309146,45.579132188841456,-85.5857389001506,0.8308253764319811,0.8452554744525548,False
in,0x9757fe365ef60247665e9e312deb6cc8fa04d75c,132,28.8,89.87823757798364,77.31764520744508,12.560592370538568,0.4275976862060126,0.4405797101449275,False
in,0x985f02b19dbc062e565c981aac5614baf2cf501f,227,14.0,149.93718538693938,-88.37283413937172,238.3100195263111,0.20140484856589236,0.24925816023738873,False
in,0x98e073b579fd483eac8f10d5bd0b32c8c3bbd7e0,291,29.2,-36.008194357731064,14.294104529517298,-50.30229888724836,0.6977513703318431,0.6671428571428571,False
in,0x98e8118481aa01872142a7c447dbccd0528df831,63,25.5,2.129579940844404,16.45429747260245,-14.324717531758045,0.5502615014890082,0.5490196078431373,False
in,0x9a991732cd4cf14712b07fbeb8c5d87de90dd21a,43,26.5,42.240837600094814,-10.484016314766832,52.72485391486165,0.2244794924234918,0.21350078492935637,False
in,0x9e2cbb5d800181c1ef21b25010dc4ea80eeb5508,110,26.2,160.51307357001303,72.74191802653493,87.77115554347812,0.15403715736403806,0.16560509554140126,False
in,0xa178a9ebc949245b2f453d87966c1653115b999b,106,29.3,19.69101153127154,59.10161730593815,-39.41060577466661,0.7106234452645469,0.6661931818181818,False
in,0xa1be71b903206120fa2b2245e145a5d7be09d8f7,40,29.2,-241.09128708683627,23.99152276248273,-265.082809849319,0.9893324537931629,0.9943019943019943,False
in,0xa5fd942d4badbab4fe84a9e10f565dd40d5f15ff,181,29.9,-38.477940788827766,2.716587149332025,-41.194527938159794,0.6353037248947963,0.6462395543175488,False
in,0xa61c57d0d1a83c02542092b431999b9870dd66b9,58,25.0,-47.087699784520275,-38.739805730473385,-8.347894054046888,0.5300326088231574,0.5709515859766278,False
in,0xa99c9e5484e5b26635c07876d0859a1819ff40d5,41,24.6,126.36977291380087,-19.81146669647881,146.1812396102797,0.05178728229265381,0.07796610169491526,False
in,0xaa53412d2249fe47c5d2790ab5728b3c564dd265,68,29.1,32.19756494516642,20.590860245419314,11.606704699747105,0.4332479449958553,0.44269340974212035,False
in,0xaa8253fb249498d0b6c31106539aaea0c76b9556,41,30.2,-80.52052001182598,73.97961097428472,-154.5001309861107,0.8923900536258282,0.8908839779005525,False
in,0xab7fb756330e3983e676f44c03dabda9120aa273,63,29.4,20.52030207376173,8.79440715681924,11.72589491694249,0.41841632534892714,0.45390070921985815,False
in,0xaf0fdd39e5d92499b0ed9f68693da99c0ec1e92e,88,25.7,52.744722632082656,-31.814692703966045,84.5594153360487,0.21964364666669356,0.23863636363636365,False
in,0xb0088e7991b62ef58483e5f524ed9d482e5bac8b,91,28.1,142.84140929960577,68.0218848865096,74.81952441309616,0.16795977059720735,0.19881305637982197,False
in,0xb1ec7febea4f841d525785955b7fe0e812d6e86a,139,23.6,-41.77802083874413,-5.020536770935633,-36.7574840678085,0.6925907281615399,0.8374558303886925,False
in,0xb2662fca65f6446b8b1898340118d44d680a4449,36,22.0,346.4817864063351,70.88377775856915,275.598008647766,0.17000723805832885,0.16129032258064516,False
in,0xb40da15b8cc492fff87d9b1e06bb45769d7e75d9,289,29.6,38.166105352633544,18.05295286124995,20.113152491383598,0.3676526413924742,0.4191279887482419,False
in,0xb48e45c76e7442d9944790085399e26b7d89b1ed,572,29.7,50.05356660369175,30.344393279717846,19.709173323973904,0.3531143125397635,0.4241573033707865,False
in,0xb4a3349619ff3da514b42bd7a124947aaf2b9210,55,25.1,156.33581158041184,209.3763600618605,-53.04054848144866,0.6213546584969889,0.6561461794019934,False
in,0xb581d667c53fd8a50bf7ffd817be0e62daa16f4f,41,12.9,-101.12933099180792,110.05933621126236,-211.18866720307028,0.8993282457171434,0.9158576051779935,False
in,0xb5a6924d1da4e54705079b9957f6dedee5e62f82,84,26.2,189.81271647845088,25.33860273291726,164.47411374553363,0.07831930379652031,0.07631160572337042,False
in,0xb69eec8fea0081343c3b09e652ba1fa7dcf7033a,39,28.9,39.42581231100535,86.33583971330357,-46.91002740229821,0.6682734136301606,0.645021645021645,False
in,0xb7e0b9fbc9479330d70bcc82a7d4325a20e8d1aa,52,28.3,373.5262344183373,-10.901881626321126,384.42811604465845,3.657086473277855e-05,0.0014705882352941176,True
in,0xbb34960afec64f3f1cc78b0c9c342c4657021696,66,29.0,122.70818134516689,47.895812171377045,74.81236917378985,0.09590965108481958,0.11781609195402298,False
in,0xbbf7fbc7fa97a88c83c1b8a825692f84ef9d4b13,63,25.5,33.96055252367727,73.82628857489281,-39.865736051215535,0.5913393908457643,0.5970636215334421,False
in,0xbbfb6566ad064c233af6314aeb1eee4c26a5f921,225,26.2,91.84846539374779,28.836151429912025,63.01231396383576,0.09900365194626093,0.0985691573926868,False
in,0xbd697846b0911baeba002a56bdc16f1f332d45fb,215,29.3,105.34775431460847,52.29082904491073,53.056925269697736,0.23897012262218437,0.1891891891891892,False
in,0xbf732ea04197942783e34730ed6e0f6099575d58,51,8.1,-365.58529765968865,24.07559121429436,-389.660888873983,0.9958060105482672,1.0,False
in,0xc298efc4785f2f282838924103509156c9578a9c,103,29.9,-48.74174928871976,48.94600484418656,-97.6877541329063,0.915546730064106,0.9135285913528591,False
in,0xc3b1951ceffdcaf25640cb37ce1d6cf125579a03,118,27.0,22.999960990950164,60.361245184236274,-37.36128419328611,0.6513130305167045,0.6033950617283951,False
in,0xc56891f98eecb32926abb8d627f57c99e6536ecd,67,28.5,-24.474446086884612,51.224860974339045,-75.69930706122366,0.7478460143398699,0.7357664233576642,False
in,0xc619b01f1a4f894c5e83338c42f98dcb82b710f5,66,29.0,122.70818134516689,47.895812171377045,74.81236917378985,0.09590965108481958,0.11781609195402298,False
in,0xc69ae428f6049e78d445f053d2c1df879c59b34c,109,29.0,164.0431267158321,62.37678059812574,101.66634611770635,0.12088397041302579,0.08464849354375897,False
in,0xc8b527864ef2ad6dc49de7e99943a3a76ad48891,55,22.2,52.26988133410176,17.783062237729705,34.48681909637206,0.2938054238819061,0.2669172932330827,False
in,0xcf67e4da9e9cd38c0afd26338d0fbddb3036eb24,38,30.0,35.376521826459616,109.13583410285096,-73.75931227639136,0.6497010725869494,0.5771905424200278,False
in,0xd142479997958a4fefd1f8d5373b31ce36987d73,37,26.4,-136.06417501102996,1.0757124117367651,-137.13988742276675,0.8321694450242961,0.8375394321766562,False
in,0xd1dd6d99c5fb5d31ff52eacce5046c7158859e85,146,14.7,50.38179402650323,-31.420201193861907,81.80199522036514,0.2279627570277436,0.2096317280453258,False
in,0xd21d931890d27b6e7e2e668f27931e17698e90f1,99,26.9,-87.0081183322517,77.50035037396987,-164.50846870622155,0.8667294564397774,0.9286821705426357,False
in,0xd580b86a5db87c623763b058f3a12853bf30acb8,90,29.5,148.21541250102337,53.39139673353658,94.82401576748678,0.07632707241966358,0.07779349363507779,False
in,0xda3768e9299e1fd81708ec030dac5ea37125f7b5,770,25.8,-29.34181786263905,-7.295370193981305,-22.04644766865775,0.8817695456380941,0.9046849757673667,False
in,0xda744273f80b22412417f7cfe0503f3d721f987d,33,18.4,371.43731701040844,-54.643824797395425,426.0811418078039,0.041875134625868386,0.04308390022675737,False
in,0xdafc555a97b358bc09fccf4c0e583c1ec5838b16,127,29.7,136.5894552873165,15.290473734903356,121.29898155241312,0.02948134835123823,0.043478260869565216,False
in,0xdd0c5de50d72e5eaa96816e920e41ce89c4b8888,131,27.1,118.38133172188539,67.0823092923141,51.299022429571295,0.2942164412010909,0.3425499231950845,False
in,0xdd7a372377fc633f74ab6e20963803d52f448830,36,24.0,-244.5428774852217,22.265408776475464,-266.80828626169716,0.9856119340970398,1.0,False
in,0xde5a8068836a16f92813104d7faf602bb0cbdf62,32,29.2,290.9026782308758,68.87157485322727,222.03110337764852,0.048493577391573506,0.07988587731811697,False
in,0xdf4b79c5cebf5be025f9a0658a38a5440689c147,109,29.5,53.13485284752352,48.552563159636996,4.582289687886524,0.4722959633295323,0.4646892655367232,False
in,0xdf6097a9e585e3d72556d19fa147562ffef5d3c7,31,24.7,41.050176265653796,50.81630499180128,-9.766128726147487,0.523181965509941,0.5075885328836425,False
in,0xe02e420ec55b4e03924d77c7b342c012541ba2d3,181,29.7,74.92356406724706,43.30084398247772,31.62272008476934,0.40404349789739574,0.423562412342216,False
in,0xe09726ff25f5001f37b15049f54116cb83d7d0fe,108,29.0,40.86362274032872,-31.042170565926448,71.90579330625518,0.21844743575312753,0.21120689655172414,False
in,0xe4d1fa7e6141f9131345117bdb8b5701bca67662,56,29.1,96.40352766812315,19.139053607351006,77.26447406077214,0.026509521323121225,0.03868194842406877,False
in,0xe639710e64d7094f7f82ab495915559c2f612953,129,14.1,-50.450800119304894,43.12607223648938,-93.57687235579428,0.8200195498136966,0.8017751479289941,False
in,0xe6e0e0dd371e4f9bd5218ab4bc0634d59705ae71,125,14.1,95.02388311560232,37.92251177545446,57.10137134014785,0.3199149430845095,0.35798816568047337,False
in,0xe7795fce474d1eafd645a29e799a64f85dc26ba7,42,28.8,34.19474242805066,9.108845532890111,25.08589689516055,0.42323706105770537,0.5072254335260116,False
in,0xe77cdee1aa1affa10231654fe438b63ab0ab15db,99,11.6,55.781835278755075,11.859630491943818,43.92220478681126,0.22763902305400086,0.2903225806451613,False
in,0xe867fbdad3291530e41530301ecb77693850c78e,34,24.5,33.87932729105984,14.424874779416083,19.454452511643755,0.41954455620507625,0.4957410562180579,False
in,0xe912cac1a6641004a8803687ee7699227fdb0550,33,23.0,44.7060614342841,192.1602622740151,-147.45420083973102,0.8529187195807941,0.8698010849909584,False
in,0xea6670ebdb4a388a8cfc16f6497bf4f267b061ee,40,13.3,158.11913949769934,26.201846547793902,131.91729294990543,0.17151954582497353,0.1875,False
in,0xec4a6f59960fb55a7fa49262e2628687b322cf62,44,11.7,77.5359946517061,49.08915353495627,28.446841116749845,0.37855492724377754,0.36428571428571427,False
in,0xedeaa967b0100a4df613533df634ffe6cb5fd773,238,14.5,21.251018129332923,106.63395084868014,-85.38293271934722,0.8237912993580503,0.830945558739255,False
in,0xf124c3bd6544caebbf68824eab8c009b3f448196,44,26.2,216.46694820574106,66.73759694837477,149.7293512573663,0.11941006918740654,0.11428571428571428,False
in,0xf29c6bc1147a841519b382459a6d7a373c6b9971,36,27.2,66.67951434284348,61.458687913727346,5.220826429116138,0.47952037932822683,0.5397553516819572,False
in,0xf382f419448b471da26225c4f849bb240be5578c,58,29.5,111.05865827533107,7.800610264758109,103.25804801057296,0.1986578346379151,0.2387005649717514,False
in,0xf5079c84c34051d7c4cd87494fda534fe7ecdf6d,55,25.5,25.10753883091283,10.400361060782092,14.707177770130738,0.3064516808806246,0.35130718954248363,False
in,0xf517639a8872e756ac98d3c65507d2ebc25cc032,166,29.8,85.86937343409608,-28.79152780675933,114.66090124085541,0.14551798157252216,0.07541899441340782,False
in,0xf53cab0c6f25f48f985d1e2c40e03fc7c1963364,54,26.1,188.3740173351128,116.33816606218375,72.03585127292905,0.31597751205310975,0.266347687400319,False
in,0xf5b7e374c1c02c711448d5c900952a336a8521ba,208,29.2,83.69062464908049,91.11284296632161,-7.42221831724111,0.5489899950612526,0.5854700854700855,False
in,0xf770f371cc66499a89ae56aa84f9506e083f99ea,382,27.4,-43.159747793603714,-4.476914217919083,-38.68283357568463,0.7151380944962094,0.729483282674772,False
in,0xf780adb6ca4a737d2a8def6dd445b0c0276d70e1,73,8.4,122.24592340557304,98.72017756300994,23.525745842563097,0.4357917184344154,0.42574257425742573,False
in,0xf9faba57a81d1575d3e506dd3eafe7db6f2a3275,137,29.8,171.82379505050736,-22.27770572260984,194.1015007731172,0.014478241441805656,0.002793296089385475,False
in,0xfa2dca328d8cc3b47dd0f9bce6933ca4531e08fb,36,16.2,36.56551851690127,-109.80078855680514,146.36630707370642,0.1620359744208419,0.17692307692307693,False
in,0xfb941d2344b72ea9101400392b818173772d0ddf,39,20.5,234.2795492527782,109.73887245477802,124.54067679800019,0.20112165369246454,0.21951219512195122,False
in,0xfd6a531508649697c6e133adcb82efcd0c737737,32,23.2,95.27559956343218,-16.265633809248342,111.54123337268052,0.04170552322113232,0.03052064631956912,False
in,0xfeb63b9e4a871b644816d94a1d19517a87ce5fa0,75,21.9,-16.926575027473582,1.0269279216607792,-17.95350294913436,0.5671643793110068,0.5798479087452472,False
